AP,A-Link,S-link,C-link,Zell,D-kernel,PIC,noise_level
"(np.float64(0.374412787548885), np.float64(0.011210830627456397))","(np.float64(0.6169158173243211), np.float64(0.06126951889228486))","(np.float64(0.797570480445029), np.float64(0.3975975569630244))","(np.float64(0.48451735259473444), np.float64(0.10916416929863289))","(np.float64(0.279643810841412), np.float64(0.15245886981266477))","(np.float64(0.4586091684215507), np.float64(0.15009674168080805))","(np.float64(0.994292623650465), np.float64(0.008474902244917796))",1
"(np.float64(0.3793761858218816), np.float64(0.005151179930195955))","(np.float64(0.5664902080547611), np.float64(0.060476089366608844))","(np.float64(0.6466292033944387), np.float64(0.47307023475957777))","(np.float64(0.4627527505816344), np.float64(0.13397093255740736))","(np.float64(0.20580885860764847), np.float64(0.1694095538040485))","(np.float64(0.4030504486066338), np.float64(0.1842901810428795))","(np.float64(0.9934344720243697), np.float64(0.0064073041051954))",1.2
