Noise,AP,A-Link,S-link,C-link,Zell,D-kernel,PIC
1,"(np.float64(0.374412787548885), np.float64(0.011210830627456397))","(np.float64(0.6169158173243211), np.float64(0.06126951889228486))","(np.float64(0.797570480445029), np.float64(0.3975975569630244))","(np.float64(0.48451735259473444), np.float64(0.10916416929863289))","(np.float64(0.279643810841412), np.float64(0.15245886981266477))","(np.float64(0.4586091684215507), np.float64(0.15009674168080805))","(np.float64(0.994292623650465), np.float64(0.008474902244917796))"
